,Date,RPM,Speed,nGear,Throttle,Brake,DRS,Source,Time,SessionTime
0,2021-07-18 15:09:33.272,10856,259,7,100,False,0,car,0 days 00:00:00.100000,0 days 02:08:33.262000
1,2021-07-18 15:09:33.512,10701,262,7,100,False,0,car,0 days 00:00:00.340000,0 days 02:08:33.502000
2,2021-07-18 15:09:33.752,10955,267,7,100,False,0,car,0 days 00:00:00.580000,0 days 02:08:33.742000
3,2021-07-18 15:09:33.992,11061,271,7,100,False,0,car,0 days 00:00:00.820000,0 days 02:08:33.982000
4,2021-07-18 15:09:34.193,11202,272,7,100,False,0,car,0 days 00:00:01.021000,0 days 02:08:34.183000
5,2021-07-18 15:09:34.433,11202,275,7,100,False,0,car,0 days 00:00:01.261000,0 days 02:08:34.423000
6,2021-07-18 15:09:34.673,11477,281,7,100,False,0,car,0 days 00:00:01.501000,0 days 02:08:34.663000
7,2021-07-18 15:09:34.913,11555,282,7,100,False,0,car,0 days 00:00:01.741000,0 days 02:08:34.903000
8,2021-07-18 15:09:35.153,11555,285,7,100,False,0,car,0 days 00:00:01.981000,0 days 02:08:35.143000
9,2021-07-18 15:09:35.393,11735,289,7,100,False,0,car,0 days 00:00:02.221000,0 days 02:08:35.383000
10,2021-07-18 15:09:35.633,11833,292,7,100,False,0,car,0 days 00:00:02.461000,0 days 02:08:35.623000
11,2021-07-18 15:09:35.873,11536,294,7,100,False,0,car,0 days 00:00:02.701000,0 days 02:08:35.863000
12,2021-07-18 15:09:36.113,10740,296,8,100,False,0,car,0 days 00:00:02.941000,0 days 02:08:36.103000
13,2021-07-18 15:09:36.353,10747,298,8,100,False,0,car,0 days 00:00:03.181000,0 days 02:08:36.343000
14,2021-07-18 15:09:36.593,10765,300,8,100,False,0,car,0 days 00:00:03.421000,0 days 02:08:36.583000
15,2021-07-18 15:09:36.833,10798,302,8,100,False,0,car,0 days 00:00:03.661000,0 days 02:08:36.823000
16,2021-07-18 15:09:37.073,10880,303,8,97,False,0,car,0 days 00:00:03.901000,0 days 02:08:37.063000
17,2021-07-18 15:09:37.313,10929,304,8,94,False,0,car,0 days 00:00:04.141000,0 days 02:08:37.303000
18,2021-07-18 15:09:37.553,10834,304,8,80,False,0,car,0 days 00:00:04.381000,0 days 02:08:37.543000
19,2021-07-18 15:09:37.793,10613,298,8,44,False,0,car,0 days 00:00:04.621000,0 days 02:08:37.783000
20,2021-07-18 15:09:38.033,10405,290,8,39,False,0,car,0 days 00:00:04.861000,0 days 02:08:38.023000
21,2021-07-18 15:09:38.273,10283,290,8,67,False,0,car,0 days 00:00:05.101000,0 days 02:08:38.263000
22,2021-07-18 15:09:38.513,10194,284,8,77,False,0,car,0 days 00:00:05.341000,0 days 02:08:38.503000
23,2021-07-18 15:09:38.753,10152,280,8,78,False,0,car,0 days 00:00:05.581000,0 days 02:08:38.743000
24,2021-07-18 15:09:38.993,10115,280,8,90,False,0,car,0 days 00:00:05.821000,0 days 02:08:38.983000
25,2021-07-18 15:09:39.233,10180,280,8,100,False,0,car,0 days 00:00:06.061000,0 days 02:08:39.223000
26,2021-07-18 15:09:39.473,10211,282,8,100,False,0,car,0 days 00:00:06.301000,0 days 02:08:39.463000
27,2021-07-18 15:09:39.712,10251,283,8,100,False,0,car,0 days 00:00:06.540000,0 days 02:08:39.702000
28,2021-07-18 15:09:39.952,10353,287,8,100,False,0,car,0 days 00:00:06.780000,0 days 02:08:39.942000
29,2021-07-18 15:09:40.192,10461,289,8,100,False,0,car,0 days 00:00:07.020000,0 days 02:08:40.182000
30,2021-07-18 15:09:40.432,10497,290,8,100,False,0,car,0 days 00:00:07.260000,0 days 02:08:40.422000
31,2021-07-18 15:09:40.633,10526,291,8,100,False,0,car,0 days 00:00:07.461000,0 days 02:08:40.623000
32,2021-07-18 15:09:40.873,10443,289,8,100,False,0,car,0 days 00:00:07.701000,0 days 02:08:40.863000
33,2021-07-18 15:09:41.113,10443,289,8,100,False,0,car,0 days 00:00:07.941000,0 days 02:08:41.103000
34,2021-07-18 15:09:41.353,10372,287,8,100,False,0,car,0 days 00:00:08.181000,0 days 02:08:41.343000
35,2021-07-18 15:09:41.593,10348,287,8,100,False,0,car,0 days 00:00:08.421000,0 days 02:08:41.583000
36,2021-07-18 15:09:41.833,10291,286,8,100,False,0,car,0 days 00:00:08.661000,0 days 02:08:41.823000
37,2021-07-18 15:09:42.113,10256,285,8,100,False,0,car,0 days 00:00:08.941000,0 days 02:08:42.103000
38,2021-07-18 15:09:42.353,10208,284,8,100,False,0,car,0 days 00:00:09.181000,0 days 02:08:42.343000
39,2021-07-18 15:09:42.593,10151,283,8,63,True,0,car,0 days 00:00:09.421000,0 days 02:08:42.583000
40,2021-07-18 15:09:42.833,9468,263,8,6,True,0,car,0 days 00:00:09.661000,0 days 02:08:42.823000
41,2021-07-18 15:09:43.073,8544,250,8,0,True,0,car,0 days 00:00:09.901000,0 days 02:08:43.063000
42,2021-07-18 15:09:43.313,8108,216,8,0,True,0,car,0 days 00:00:10.141000,0 days 02:08:43.303000
43,2021-07-18 15:09:43.593,8334,187,8,0,True,0,car,0 days 00:00:10.421000,0 days 02:08:43.583000
44,2021-07-18 15:09:43.833,8210,173,6,0,True,0,car,0 days 00:00:10.661000,0 days 02:08:43.823000
45,2021-07-18 15:09:44.073,8594,154,5,0,True,0,car,0 days 00:00:10.901000,0 days 02:08:44.063000
46,2021-07-18 15:09:44.313,8874,154,5,0,True,0,car,0 days 00:00:11.141000,0 days 02:08:44.303000
47,2021-07-18 15:09:44.553,8079,135,5,0,True,0,car,0 days 00:00:11.381000,0 days 02:08:44.543000
48,2021-07-18 15:09:44.793,7324,124,4,0,True,0,car,0 days 00:00:11.621000,0 days 02:08:44.783000
49,2021-07-18 15:09:45.033,6956,114,4,0,True,0,car,0 days 00:00:11.861000,0 days 02:08:45.023000
50,2021-07-18 15:09:45.313,6606,110,4,0,False,0,car,0 days 00:00:12.141000,0 days 02:08:45.303000
51,2021-07-18 15:09:45.553,6299,103,4,0,False,0,car,0 days 00:00:12.381000,0 days 02:08:45.543000
52,2021-07-18 15:09:45.793,6193,101,4,11,False,0,car,0 days 00:00:12.621000,0 days 02:08:45.783000
53,2021-07-18 15:09:46.033,6442,101,4,24,False,0,car,0 days 00:00:12.861000,0 days 02:08:46.023000
54,2021-07-18 15:09:46.312,6586,103,4,39,False,0,car,0 days 00:00:13.140000,0 days 02:08:46.302000
55,2021-07-18 15:09:46.552,6858,106,4,39,False,0,car,0 days 00:00:13.380000,0 days 02:08:46.542000
56,2021-07-18 15:09:46.792,7054,108,4,46,False,0,car,0 days 00:00:13.620000,0 days 02:08:46.782000
57,2021-07-18 15:09:47.032,7287,113,4,51,False,0,car,0 days 00:00:13.860000,0 days 02:08:47.022000
58,2021-07-18 15:09:47.233,7694,118,4,55,False,0,car,0 days 00:00:14.061000,0 days 02:08:47.223000
59,2021-07-18 15:09:47.473,8037,123,4,63,False,0,car,0 days 00:00:14.301000,0 days 02:08:47.463000
60,2021-07-18 15:09:47.713,8403,129,4,70,False,0,car,0 days 00:00:14.541000,0 days 02:08:47.703000
61,2021-07-18 15:09:47.953,8271,135,4,51,True,0,car,0 days 00:00:14.781000,0 days 02:08:47.943000
62,2021-07-18 15:09:48.193,7727,129,4,0,True,0,car,0 days 00:00:15.021000,0 days 02:08:48.183000
63,2021-07-18 15:09:48.433,7089,118,4,0,True,0,car,0 days 00:00:15.261000,0 days 02:08:48.423000
64,2021-07-18 15:09:48.673,6605,113,4,0,True,0,car,0 days 00:00:15.501000,0 days 02:08:48.663000
65,2021-07-18 15:09:48.913,6364,108,4,0,True,0,car,0 days 00:00:15.741000,0 days 02:08:48.903000
66,2021-07-18 15:09:49.153,5918,101,4,0,True,0,car,0 days 00:00:15.981000,0 days 02:08:49.143000
67,2021-07-18 15:09:49.393,5394,97,4,0,True,0,car,0 days 00:00:16.221000,0 days 02:08:49.383000
68,2021-07-18 15:09:49.673,6267,92,3,0,False,0,car,0 days 00:00:16.501000,0 days 02:08:49.663000
69,2021-07-18 15:09:49.913,6097,89,3,0,False,0,car,0 days 00:00:16.741000,0 days 02:08:49.903000
70,2021-07-18 15:09:50.153,5786,86,3,0,False,0,car,0 days 00:00:16.981000,0 days 02:08:50.143000
71,2021-07-18 15:09:50.393,6168,84,3,13,False,0,car,0 days 00:00:17.221000,0 days 02:08:50.383000
72,2021-07-18 15:09:50.633,6310,84,3,30,False,0,car,0 days 00:00:17.461000,0 days 02:08:50.623000
73,2021-07-18 15:09:50.873,6637,87,3,42,False,0,car,0 days 00:00:17.701000,0 days 02:08:50.863000
74,2021-07-18 15:09:51.113,7022,91,3,44,False,0,car,0 days 00:00:17.941000,0 days 02:08:51.103000
75,2021-07-18 15:09:51.353,7544,97,3,49,False,0,car,0 days 00:00:18.181000,0 days 02:08:51.343000
76,2021-07-18 15:09:51.593,7685,101,3,53,False,0,car,0 days 00:00:18.421000,0 days 02:08:51.583000
77,2021-07-18 15:09:51.833,8110,110,3,61,False,0,car,0 days 00:00:18.661000,0 days 02:08:51.823000
78,2021-07-18 15:09:52.073,8877,117,3,71,False,0,car,0 days 00:00:18.901000,0 days 02:08:52.063000
79,2021-07-18 15:09:52.353,9432,128,3,78,False,0,car,0 days 00:00:19.181000,0 days 02:08:52.343000
80,2021-07-18 15:09:52.593,10184,137,3,86,False,0,car,0 days 00:00:19.421000,0 days 02:08:52.583000
81,2021-07-18 15:09:52.833,10669,151,3,89,False,0,car,0 days 00:00:19.661000,0 days 02:08:52.823000
82,2021-07-18 15:09:53.072,11688,160,3,100,False,0,car,0 days 00:00:19.900000,0 days 02:08:53.062000
83,2021-07-18 15:09:53.312,10834,168,3,100,False,0,car,0 days 00:00:20.140000,0 days 02:08:53.302000
84,2021-07-18 15:09:53.552,11386,181,4,100,False,0,car,0 days 00:00:20.380000,0 days 02:08:53.542000
85,2021-07-18 15:09:53.793,11463,189,4,100,False,0,car,0 days 00:00:20.621000,0 days 02:08:53.783000
86,2021-07-18 15:09:54.033,10727,199,4,100,False,0,car,0 days 00:00:20.861000,0 days 02:08:54.023000
87,2021-07-18 15:09:54.273,11305,206,5,100,False,0,car,0 days 00:00:21.101000,0 days 02:08:54.263000
88,2021-07-18 15:09:54.513,11401,212,5,100,False,0,car,0 days 00:00:21.341000,0 days 02:08:54.503000
89,2021-07-18 15:09:54.793,12037,220,5,100,False,0,car,0 days 00:00:21.621000,0 days 02:08:54.783000
90,2021-07-18 15:09:55.033,12306,226,5,100,False,0,car,0 days 00:00:21.861000,0 days 02:08:55.023000
91,2021-07-18 15:09:55.273,10964,230,6,100,False,0,car,0 days 00:00:22.101000,0 days 02:08:55.263000
92,2021-07-18 15:09:55.513,11088,234,6,100,False,0,car,0 days 00:00:22.341000,0 days 02:08:55.503000
93,2021-07-18 15:09:55.753,11342,241,6,100,False,0,car,0 days 00:00:22.581000,0 days 02:08:55.743000
94,2021-07-18 15:09:55.993,11544,244,6,100,False,0,car,0 days 00:00:22.821000,0 days 02:08:55.983000
95,2021-07-18 15:09:56.233,11706,250,6,100,False,0,car,0 days 00:00:23.061000,0 days 02:08:56.223000
96,2021-07-18 15:09:56.473,11892,253,6,100,False,0,car,0 days 00:00:23.301000,0 days 02:08:56.463000
97,2021-07-18 15:09:56.713,11272,256,6,100,False,0,car,0 days 00:00:23.541000,0 days 02:08:56.703000
98,2021-07-18 15:09:56.953,10695,261,7,100,False,0,car,0 days 00:00:23.781000,0 days 02:08:56.943000
99,2021-07-18 15:09:57.193,10792,264,7,100,False,0,car,0 days 00:00:24.021000,0 days 02:08:57.183000
100,2021-07-18 15:09:57.433,10953,268,7,100,False,0,car,0 days 00:00:24.261000,0 days 02:08:57.423000
101,2021-07-18 15:09:57.673,11056,271,7,100,False,0,car,0 days 00:00:24.501000,0 days 02:08:57.663000
102,2021-07-18 15:09:57.913,11185,274,7,100,False,0,car,0 days 00:00:24.741000,0 days 02:08:57.903000
103,2021-07-18 15:09:58.153,11283,275,7,100,False,0,car,0 days 00:00:24.981000,0 days 02:08:58.143000
104,2021-07-18 15:09:58.433,11389,281,7,100,False,0,car,0 days 00:00:25.261000,0 days 02:08:58.423000
105,2021-07-18 15:09:58.673,11545,283,7,100,False,0,car,0 days 00:00:25.501000,0 days 02:08:58.663000
106,2021-07-18 15:09:58.913,11631,285,7,100,False,0,car,0 days 00:00:25.741000,0 days 02:08:58.903000
107,2021-07-18 15:09:59.153,11677,287,7,100,False,0,car,0 days 00:00:25.981000,0 days 02:08:59.143000
108,2021-07-18 15:09:59.393,11759,289,7,100,False,0,car,0 days 00:00:26.221000,0 days 02:08:59.383000
109,2021-07-18 15:09:59.633,11867,291,7,100,False,0,car,0 days 00:00:26.461000,0 days 02:08:59.623000
110,2021-07-18 15:09:59.872,11817,293,7,100,False,0,car,0 days 00:00:26.700000,0 days 02:08:59.862000
111,2021-07-18 15:10:00.112,11361,294,7,100,False,0,car,0 days 00:00:26.940000,0 days 02:09:00.102000
112,2021-07-18 15:10:00.352,10536,295,8,100,False,0,car,0 days 00:00:27.180000,0 days 02:09:00.342000
113,2021-07-18 15:10:00.553,10610,294,8,100,False,0,car,0 days 00:00:27.381000,0 days 02:09:00.543000
114,2021-07-18 15:10:00.793,10589,295,8,100,False,0,car,0 days 00:00:27.621000,0 days 02:09:00.783000
115,2021-07-18 15:10:01.033,10595,295,8,100,False,0,car,0 days 00:00:27.861000,0 days 02:09:01.023000
116,2021-07-18 15:10:01.273,10586,295,8,100,False,0,car,0 days 00:00:28.101000,0 days 02:09:01.263000
117,2021-07-18 15:10:01.513,10597,295,8,100,False,0,car,0 days 00:00:28.341000,0 days 02:09:01.503000
118,2021-07-18 15:10:01.753,10644,296,8,100,False,0,car,0 days 00:00:28.581000,0 days 02:09:01.743000
119,2021-07-18 15:10:02.033,10600,295,8,100,False,0,car,0 days 00:00:28.861000,0 days 02:09:02.023000
120,2021-07-18 15:10:02.273,10638,295,8,100,False,0,car,0 days 00:00:29.101000,0 days 02:09:02.263000
121,2021-07-18 15:10:02.513,10626,296,8,100,False,0,car,0 days 00:00:29.341000,0 days 02:09:02.503000
122,2021-07-18 15:10:02.753,10445,294,8,94,False,0,car,0 days 00:00:29.581000,0 days 02:09:02.743000
123,2021-07-18 15:10:02.993,10334,292,8,49,True,0,car,0 days 00:00:29.821000,0 days 02:09:02.983000
124,2021-07-18 15:10:03.233,9494,254,8,0,True,0,car,0 days 00:00:30.061000,0 days 02:09:03.223000
125,2021-07-18 15:10:03.473,8319,236,8,0,True,0,car,0 days 00:00:30.301000,0 days 02:09:03.463000
126,2021-07-18 15:10:03.713,8526,219,8,0,True,0,car,0 days 00:00:30.541000,0 days 02:09:03.703000
127,2021-07-18 15:10:03.953,8482,200,7,0,True,0,car,0 days 00:00:30.781000,0 days 02:09:03.943000
128,2021-07-18 15:10:04.193,8588,189,6,0,True,0,car,0 days 00:00:31.021000,0 days 02:09:04.183000
129,2021-07-18 15:10:04.433,8457,176,6,0,True,0,car,0 days 00:00:31.261000,0 days 02:09:04.423000
130,2021-07-18 15:10:04.673,8827,168,5,0,True,0,car,0 days 00:00:31.501000,0 days 02:09:04.663000
131,2021-07-18 15:10:04.913,8689,161,5,0,True,0,car,0 days 00:00:31.741000,0 days 02:09:04.903000
132,2021-07-18 15:10:05.153,8085,153,5,0,True,0,car,0 days 00:00:31.981000,0 days 02:09:05.143000
133,2021-07-18 15:10:05.393,8085,149,5,1,False,0,car,0 days 00:00:32.221000,0 days 02:09:05.383000
134,2021-07-18 15:10:05.633,7830,144,5,17,False,0,car,0 days 00:00:32.461000,0 days 02:09:05.623000
135,2021-07-18 15:10:05.913,7870,143,5,40,False,0,car,0 days 00:00:32.741000,0 days 02:09:05.903000
136,2021-07-18 15:10:06.153,7991,145,5,50,False,0,car,0 days 00:00:32.981000,0 days 02:09:06.143000
137,2021-07-18 15:10:06.393,8197,147,5,57,False,0,car,0 days 00:00:33.221000,0 days 02:09:06.383000
138,2021-07-18 15:10:06.632,8339,150,5,60,False,0,car,0 days 00:00:33.460000,0 days 02:09:06.622000
139,2021-07-18 15:10:06.872,8617,155,5,67,False,0,car,0 days 00:00:33.700000,0 days 02:09:06.862000
140,2021-07-18 15:10:07.073,8913,159,5,74,False,0,car,0 days 00:00:33.901000,0 days 02:09:07.063000
141,2021-07-18 15:10:07.313,9068,164,5,76,False,0,car,0 days 00:00:34.141000,0 days 02:09:07.303000
142,2021-07-18 15:10:07.593,9160,167,5,9,True,0,car,0 days 00:00:34.421000,0 days 02:09:07.583000
143,2021-07-18 15:10:07.833,8169,153,5,0,True,0,car,0 days 00:00:34.661000,0 days 02:09:07.823000
144,2021-07-18 15:10:08.073,7816,146,5,0,True,0,car,0 days 00:00:34.901000,0 days 02:09:08.063000
145,2021-07-18 15:10:08.353,7367,138,5,0,True,0,car,0 days 00:00:35.181000,0 days 02:09:08.343000
146,2021-07-18 15:10:08.593,7967,132,4,0,True,0,car,0 days 00:00:35.421000,0 days 02:09:08.583000
147,2021-07-18 15:10:08.833,7720,128,4,1,False,0,car,0 days 00:00:35.661000,0 days 02:09:08.823000
148,2021-07-18 15:10:09.073,7439,124,4,1,False,0,car,0 days 00:00:35.901000,0 days 02:09:09.063000
149,2021-07-18 15:10:09.313,7204,122,4,0,False,0,car,0 days 00:00:36.141000,0 days 02:09:09.303000
150,2021-07-18 15:10:09.553,7204,122,4,0,False,0,car,0 days 00:00:36.381000,0 days 02:09:09.543000
151,2021-07-18 15:10:09.793,7204,122,4,0,False,0,car,0 days 00:00:36.621000,0 days 02:09:09.783000
152,2021-07-18 15:10:10.033,6797,112,4,0,False,0,car,0 days 00:00:36.861000,0 days 02:09:10.023000
153,2021-07-18 15:10:10.273,6659,110,4,0,False,0,car,0 days 00:00:37.101000,0 days 02:09:10.263000
154,2021-07-18 15:10:10.513,6608,110,4,11,False,0,car,0 days 00:00:37.341000,0 days 02:09:10.503000
155,2021-07-18 15:10:10.793,6750,105,4,36,False,0,car,0 days 00:00:37.621000,0 days 02:09:10.783000
156,2021-07-18 15:10:11.033,6932,110,4,44,False,0,car,0 days 00:00:37.861000,0 days 02:09:11.023000
157,2021-07-18 15:10:11.273,7306,113,4,47,False,0,car,0 days 00:00:38.101000,0 days 02:09:11.263000
158,2021-07-18 15:10:11.553,7554,117,4,48,False,0,car,0 days 00:00:38.381000,0 days 02:09:11.543000
159,2021-07-18 15:10:11.793,7554,119,4,47,False,0,car,0 days 00:00:38.621000,0 days 02:09:11.783000
160,2021-07-18 15:10:12.033,8074,128,4,60,False,0,car,0 days 00:00:38.861000,0 days 02:09:12.023000
161,2021-07-18 15:10:12.273,8708,134,4,73,False,0,car,0 days 00:00:39.101000,0 days 02:09:12.263000
162,2021-07-18 15:10:12.513,9222,139,4,76,False,0,car,0 days 00:00:39.341000,0 days 02:09:12.503000
163,2021-07-18 15:10:12.753,9728,145,4,80,False,0,car,0 days 00:00:39.581000,0 days 02:09:12.743000
164,2021-07-18 15:10:12.993,10008,155,4,83,False,0,car,0 days 00:00:39.821000,0 days 02:09:12.983000
165,2021-07-18 15:10:13.232,10540,166,4,91,False,0,car,0 days 00:00:40.060000,0 days 02:09:13.222000
166,2021-07-18 15:10:13.472,11302,175,4,100,False,0,car,0 days 00:00:40.300000,0 days 02:09:13.462000
167,2021-07-18 15:10:13.673,11689,183,4,100,False,0,car,0 days 00:00:40.501000,0 days 02:09:13.663000
168,2021-07-18 15:10:13.913,12302,190,4,100,False,0,car,0 days 00:00:40.741000,0 days 02:09:13.903000
169,2021-07-18 15:10:14.153,10857,202,4,100,False,0,car,0 days 00:00:40.981000,0 days 02:09:14.143000
170,2021-07-18 15:10:14.393,11472,209,5,100,False,0,car,0 days 00:00:41.221000,0 days 02:09:14.383000
171,2021-07-18 15:10:14.633,11752,218,5,100,False,0,car,0 days 00:00:41.461000,0 days 02:09:14.623000
172,2021-07-18 15:10:14.873,12086,223,5,100,False,0,car,0 days 00:00:41.701000,0 days 02:09:14.863000
173,2021-07-18 15:10:15.113,10857,229,5,100,False,0,car,0 days 00:00:41.941000,0 days 02:09:15.103000
174,2021-07-18 15:10:15.353,11147,236,6,100,False,0,car,0 days 00:00:42.181000,0 days 02:09:15.343000
175,2021-07-18 15:10:15.593,11380,241,6,100,False,0,car,0 days 00:00:42.421000,0 days 02:09:15.583000
176,2021-07-18 15:10:15.833,11572,245,6,100,False,0,car,0 days 00:00:42.661000,0 days 02:09:15.823000
177,2021-07-18 15:10:16.073,11804,251,6,100,False,0,car,0 days 00:00:42.901000,0 days 02:09:16.063000
178,2021-07-18 15:10:16.313,12005,255,6,100,False,0,car,0 days 00:00:43.141000,0 days 02:09:16.303000
179,2021-07-18 15:10:16.553,11376,258,6,100,False,0,car,0 days 00:00:43.381000,0 days 02:09:16.543000
180,2021-07-18 15:10:16.793,10686,261,7,100,False,0,car,0 days 00:00:43.621000,0 days 02:09:16.783000
181,2021-07-18 15:10:17.033,10686,264,7,100,False,0,car,0 days 00:00:43.861000,0 days 02:09:17.023000
182,2021-07-18 15:10:17.273,10927,266,7,100,False,0,car,0 days 00:00:44.101000,0 days 02:09:17.263000
183,2021-07-18 15:10:17.513,11003,267,7,100,False,0,car,0 days 00:00:44.341000,0 days 02:09:17.503000
184,2021-07-18 15:10:17.753,11098,267,7,100,False,0,car,0 days 00:00:44.581000,0 days 02:09:17.743000
185,2021-07-18 15:10:17.993,11340,277,7,100,False,0,car,0 days 00:00:44.821000,0 days 02:09:17.983000
186,2021-07-18 15:10:18.233,11440,281,7,100,False,0,car,0 days 00:00:45.061000,0 days 02:09:18.223000
187,2021-07-18 15:10:18.473,11505,284,7,100,False,0,car,0 days 00:00:45.301000,0 days 02:09:18.463000
188,2021-07-18 15:10:18.713,11648,286,7,100,False,0,car,0 days 00:00:45.541000,0 days 02:09:18.703000
189,2021-07-18 15:10:18.953,11769,288,7,100,False,0,car,0 days 00:00:45.781000,0 days 02:09:18.943000
190,2021-07-18 15:10:19.233,11806,291,7,100,False,0,car,0 days 00:00:46.061000,0 days 02:09:19.223000
191,2021-07-18 15:10:19.473,11917,292,7,100,False,0,car,0 days 00:00:46.301000,0 days 02:09:19.463000
192,2021-07-18 15:10:19.713,11337,294,7,100,False,0,car,0 days 00:00:46.541000,0 days 02:09:19.703000
193,2021-07-18 15:10:19.952,10657,295,8,100,False,0,car,0 days 00:00:46.780000,0 days 02:09:19.942000
194,2021-07-18 15:10:20.153,10729,297,8,100,False,0,car,0 days 00:00:46.981000,0 days 02:09:20.143000
195,2021-07-18 15:10:20.393,10783,299,8,100,False,0,car,0 days 00:00:47.221000,0 days 02:09:20.383000
196,2021-07-18 15:10:20.633,10851,301,8,100,False,0,car,0 days 00:00:47.461000,0 days 02:09:20.623000
197,2021-07-18 15:10:20.873,10928,303,8,100,False,0,car,0 days 00:00:47.701000,0 days 02:09:20.863000
198,2021-07-18 15:10:21.113,10941,303,8,100,False,0,car,0 days 00:00:47.941000,0 days 02:09:21.103000
199,2021-07-18 15:10:21.353,10877,304,8,100,False,0,car,0 days 00:00:48.181000,0 days 02:09:21.343000
200,2021-07-18 15:10:21.593,10916,304,8,100,False,0,car,0 days 00:00:48.421000,0 days 02:09:21.583000
201,2021-07-18 15:10:21.833,10942,304,8,100,False,0,car,0 days 00:00:48.661000,0 days 02:09:21.823000
202,2021-07-18 15:10:22.073,10933,304,8,100,False,0,car,0 days 00:00:48.901000,0 days 02:09:22.063000
203,2021-07-18 15:10:22.313,10926,304,8,98,False,0,car,0 days 00:00:49.141000,0 days 02:09:22.303000
204,2021-07-18 15:10:22.553,10835,304,8,84,False,0,car,0 days 00:00:49.381000,0 days 02:09:22.543000
205,2021-07-18 15:10:22.793,10750,300,8,28,False,0,car,0 days 00:00:49.621000,0 days 02:09:22.783000
206,2021-07-18 15:10:23.033,10750,290,8,28,False,0,car,0 days 00:00:49.861000,0 days 02:09:23.023000
207,2021-07-18 15:10:23.273,11166,283,8,14,False,0,car,0 days 00:00:50.101000,0 days 02:09:23.263000
208,2021-07-18 15:10:23.513,11169,277,7,25,False,0,car,0 days 00:00:50.341000,0 days 02:09:23.503000
209,2021-07-18 15:10:23.753,10948,271,7,35,False,0,car,0 days 00:00:50.581000,0 days 02:09:23.743000
210,2021-07-18 15:10:23.993,10835,263,7,57,False,0,car,0 days 00:00:50.821000,0 days 02:09:23.983000
211,2021-07-18 15:10:24.233,10714,261,7,76,False,0,car,0 days 00:00:51.061000,0 days 02:09:24.223000
212,2021-07-18 15:10:24.473,10728,261,7,83,False,0,car,0 days 00:00:51.301000,0 days 02:09:24.463000
213,2021-07-18 15:10:24.713,10726,261,7,87,False,0,car,0 days 00:00:51.541000,0 days 02:09:24.703000
214,2021-07-18 15:10:24.953,10829,263,7,91,False,0,car,0 days 00:00:51.781000,0 days 02:09:24.943000
215,2021-07-18 15:10:25.193,10916,265,7,100,False,0,car,0 days 00:00:52.021000,0 days 02:09:25.183000
216,2021-07-18 15:10:25.433,11020,269,7,100,False,0,car,0 days 00:00:52.261000,0 days 02:09:25.423000
217,2021-07-18 15:10:25.673,11086,271,7,100,False,0,car,0 days 00:00:52.501000,0 days 02:09:25.663000
218,2021-07-18 15:10:25.913,11154,274,7,100,False,0,car,0 days 00:00:52.741000,0 days 02:09:25.903000
219,2021-07-18 15:10:26.153,11319,278,7,100,False,0,car,0 days 00:00:52.981000,0 days 02:09:26.143000
220,2021-07-18 15:10:26.393,11395,280,7,100,False,0,car,0 days 00:00:53.221000,0 days 02:09:26.383000
221,2021-07-18 15:10:26.632,11478,283,7,100,False,0,car,0 days 00:00:53.460000,0 days 02:09:26.622000
222,2021-07-18 15:10:26.833,11574,285,7,100,False,0,car,0 days 00:00:53.661000,0 days 02:09:26.823000
223,2021-07-18 15:10:27.073,11673,287,7,100,False,0,car,0 days 00:00:53.901000,0 days 02:09:27.063000
224,2021-07-18 15:10:27.313,11786,289,7,100,False,0,car,0 days 00:00:54.141000,0 days 02:09:27.303000
225,2021-07-18 15:10:27.553,11859,291,7,100,False,0,car,0 days 00:00:54.381000,0 days 02:09:27.543000
226,2021-07-18 15:10:27.793,11914,293,7,100,False,0,car,0 days 00:00:54.621000,0 days 02:09:27.783000
227,2021-07-18 15:10:28.033,10654,295,7,100,False,0,car,0 days 00:00:54.861000,0 days 02:09:28.023000
228,2021-07-18 15:10:28.273,10648,296,8,100,False,0,car,0 days 00:00:55.101000,0 days 02:09:28.263000
229,2021-07-18 15:10:28.513,10718,297,8,100,False,0,car,0 days 00:00:55.341000,0 days 02:09:28.503000
230,2021-07-18 15:10:28.753,10736,299,8,100,False,0,car,0 days 00:00:55.581000,0 days 02:09:28.743000
231,2021-07-18 15:10:28.993,10811,301,8,100,False,0,car,0 days 00:00:55.821000,0 days 02:09:28.983000
232,2021-07-18 15:10:29.233,10861,301,8,100,False,0,car,0 days 00:00:56.061000,0 days 02:09:29.223000
233,2021-07-18 15:10:29.473,10822,301,8,100,False,0,car,0 days 00:00:56.301000,0 days 02:09:29.463000
234,2021-07-18 15:10:29.713,10790,301,8,100,False,0,car,0 days 00:00:56.541000,0 days 02:09:29.703000
235,2021-07-18 15:10:29.953,10802,300,8,100,False,0,car,0 days 00:00:56.781000,0 days 02:09:29.943000
236,2021-07-18 15:10:30.193,10778,300,8,100,False,0,car,0 days 00:00:57.021000,0 days 02:09:30.183000
237,2021-07-18 15:10:30.433,10784,300,8,100,False,0,car,0 days 00:00:57.261000,0 days 02:09:30.423000
238,2021-07-18 15:10:30.673,10775,299,8,95,False,0,car,0 days 00:00:57.501000,0 days 02:09:30.663000
239,2021-07-18 15:10:30.913,10819,298,8,88,False,0,car,0 days 00:00:57.741000,0 days 02:09:30.903000
240,2021-07-18 15:10:31.153,10464,297,8,57,False,0,car,0 days 00:00:57.981000,0 days 02:09:31.143000
241,2021-07-18 15:10:31.393,10176,292,8,0,False,0,car,0 days 00:00:58.221000,0 days 02:09:31.383000
242,2021-07-18 15:10:31.633,10035,292,8,3,False,0,car,0 days 00:00:58.461000,0 days 02:09:31.623000
243,2021-07-18 15:10:31.873,11004,279,7,50,False,0,car,0 days 00:00:58.701000,0 days 02:09:31.863000
244,2021-07-18 15:10:32.113,11004,271,7,50,False,0,car,0 days 00:00:58.941000,0 days 02:09:32.103000
245,2021-07-18 15:10:32.353,10907,268,7,81,False,0,car,0 days 00:00:59.181000,0 days 02:09:32.343000
246,2021-07-18 15:10:32.593,10883,267,7,88,False,0,car,0 days 00:00:59.421000,0 days 02:09:32.583000
247,2021-07-18 15:10:32.833,10952,270,7,89,False,0,car,0 days 00:00:59.661000,0 days 02:09:32.823000
248,2021-07-18 15:10:33.073,11048,269,7,77,True,0,car,0 days 00:00:59.901000,0 days 02:09:33.063000
249,2021-07-18 15:10:33.274,10590,263,7,7,True,0,car,0 days 00:01:00.102000,0 days 02:09:33.264000
250,2021-07-18 15:10:33.513,10163,254,7,3,True,0,car,0 days 00:01:00.341000,0 days 02:09:33.503000
251,2021-07-18 15:10:33.753,9758,244,7,7,True,0,car,0 days 00:01:00.581000,0 days 02:09:33.743000
252,2021-07-18 15:10:33.993,9665,238,7,27,False,0,car,0 days 00:01:00.821000,0 days 02:09:33.983000
253,2021-07-18 15:10:34.233,9478,230,7,42,False,0,car,0 days 00:01:01.061000,0 days 02:09:34.223000
254,2021-07-18 15:10:34.473,9384,229,7,46,False,0,car,0 days 00:01:01.301000,0 days 02:09:34.463000
255,2021-07-18 15:10:34.713,9071,227,7,28,True,0,car,0 days 00:01:01.541000,0 days 02:09:34.703000
256,2021-07-18 15:10:34.953,9348,218,7,3,True,0,car,0 days 00:01:01.781000,0 days 02:09:34.943000
257,2021-07-18 15:10:35.193,9660,211,6,0,True,0,car,0 days 00:01:02.021000,0 days 02:09:35.183000
258,2021-07-18 15:10:35.433,9374,202,6,1,True,0,car,0 days 00:01:02.261000,0 days 02:09:35.423000
259,2021-07-18 15:10:35.673,8985,197,6,4,False,0,car,0 days 00:01:02.501000,0 days 02:09:35.663000
260,2021-07-18 15:10:35.913,8844,192,6,13,False,0,car,0 days 00:01:02.741000,0 days 02:09:35.903000
261,2021-07-18 15:10:36.153,8954,187,6,46,False,0,car,0 days 00:01:02.981000,0 days 02:09:36.143000
262,2021-07-18 15:10:36.393,8921,189,6,64,False,0,car,0 days 00:01:03.221000,0 days 02:09:36.383000
263,2021-07-18 15:10:36.633,9121,193,6,78,False,0,car,0 days 00:01:03.461000,0 days 02:09:36.623000
264,2021-07-18 15:10:36.873,9456,196,6,83,False,0,car,0 days 00:01:03.701000,0 days 02:09:36.863000
265,2021-07-18 15:10:37.113,9694,199,6,86,False,0,car,0 days 00:01:03.941000,0 days 02:09:37.103000
266,2021-07-18 15:10:37.353,9840,206,6,91,False,0,car,0 days 00:01:04.181000,0 days 02:09:37.343000
267,2021-07-18 15:10:37.593,10046,212,6,97,False,0,car,0 days 00:01:04.421000,0 days 02:09:37.583000
268,2021-07-18 15:10:37.833,10046,219,6,97,False,0,car,0 days 00:01:04.661000,0 days 02:09:37.823000
269,2021-07-18 15:10:38.073,10530,223,6,100,False,0,car,0 days 00:01:04.901000,0 days 02:09:38.063000
270,2021-07-18 15:10:38.313,10727,229,6,100,False,0,car,0 days 00:01:05.141000,0 days 02:09:38.303000
271,2021-07-18 15:10:38.553,11151,235,6,100,False,0,car,0 days 00:01:05.381000,0 days 02:09:38.543000
272,2021-07-18 15:10:38.833,11297,241,6,100,False,0,car,0 days 00:01:05.661000,0 days 02:09:38.823000
273,2021-07-18 15:10:39.073,11603,245,6,100,False,0,car,0 days 00:01:05.901000,0 days 02:09:39.063000
274,2021-07-18 15:10:39.313,11738,249,6,100,False,0,car,0 days 00:01:06.141000,0 days 02:09:39.303000
275,2021-07-18 15:10:39.553,11805,254,6,100,False,0,car,0 days 00:01:06.381000,0 days 02:09:39.543000
276,2021-07-18 15:10:39.793,10428,257,7,100,False,0,car,0 days 00:01:06.621000,0 days 02:09:39.783000
277,2021-07-18 15:10:39.994,10687,260,7,100,False,0,car,0 days 00:01:06.822000,0 days 02:09:39.984000
278,2021-07-18 15:10:40.233,10802,265,7,100,False,0,car,0 days 00:01:07.061000,0 days 02:09:40.223000
279,2021-07-18 15:10:40.513,10872,268,7,100,False,0,car,0 days 00:01:07.341000,0 days 02:09:40.503000
280,2021-07-18 15:10:40.753,11145,272,7,100,False,0,car,0 days 00:01:07.581000,0 days 02:09:40.743000
281,2021-07-18 15:10:40.993,11217,275,7,100,False,0,car,0 days 00:01:07.821000,0 days 02:09:40.983000
282,2021-07-18 15:10:41.233,11334,278,7,100,False,0,car,0 days 00:01:08.061000,0 days 02:09:41.223000
283,2021-07-18 15:10:41.513,11501,281,7,100,False,0,car,0 days 00:01:08.341000,0 days 02:09:41.503000
284,2021-07-18 15:10:41.753,11613,285,7,100,False,0,car,0 days 00:01:08.581000,0 days 02:09:41.743000
285,2021-07-18 15:10:41.993,11672,286,7,100,False,0,car,0 days 00:01:08.821000,0 days 02:09:41.983000
286,2021-07-18 15:10:42.233,11730,289,7,100,False,0,car,0 days 00:01:09.061000,0 days 02:09:42.223000
287,2021-07-18 15:10:42.473,11847,290,7,100,False,0,car,0 days 00:01:09.301000,0 days 02:09:42.463000
288,2021-07-18 15:10:42.713,11952,292,7,100,False,0,car,0 days 00:01:09.541000,0 days 02:09:42.703000
289,2021-07-18 15:10:42.953,10760,295,7,100,False,0,car,0 days 00:01:09.781000,0 days 02:09:42.943000
290,2021-07-18 15:10:43.193,10651,296,8,100,False,0,car,0 days 00:01:10.021000,0 days 02:09:43.183000
291,2021-07-18 15:10:43.433,10718,299,8,100,False,0,car,0 days 00:01:10.261000,0 days 02:09:43.423000
292,2021-07-18 15:10:43.673,10778,299,8,100,False,0,car,0 days 00:01:10.501000,0 days 02:09:43.663000
293,2021-07-18 15:10:43.913,10799,301,8,100,False,0,car,0 days 00:01:10.741000,0 days 02:09:43.903000
294,2021-07-18 15:10:44.153,10859,303,8,100,False,0,car,0 days 00:01:10.981000,0 days 02:09:44.143000
295,2021-07-18 15:10:44.393,10889,303,8,100,False,0,car,0 days 00:01:11.221000,0 days 02:09:44.383000
296,2021-07-18 15:10:44.633,10952,304,8,100,False,0,car,0 days 00:01:11.461000,0 days 02:09:44.623000
297,2021-07-18 15:10:44.873,10935,304,8,100,False,0,car,0 days 00:01:11.701000,0 days 02:09:44.863000
298,2021-07-18 15:10:45.113,10897,304,8,100,False,0,car,0 days 00:01:11.941000,0 days 02:09:45.103000
299,2021-07-18 15:10:45.353,10914,304,8,100,False,0,car,0 days 00:01:12.181000,0 days 02:09:45.343000
300,2021-07-18 15:10:45.593,10908,304,8,100,False,0,car,0 days 00:01:12.421000,0 days 02:09:45.583000
301,2021-07-18 15:10:45.873,10919,303,8,100,False,0,car,0 days 00:01:12.701000,0 days 02:09:45.863000
302,2021-07-18 15:10:46.113,10896,302,8,100,False,0,car,0 days 00:01:12.941000,0 days 02:09:46.103000
303,2021-07-18 15:10:46.353,10864,302,8,100,False,0,car,0 days 00:01:13.181000,0 days 02:09:46.343000
304,2021-07-18 15:10:46.554,10829,302,8,100,False,0,car,0 days 00:01:13.382000,0 days 02:09:46.544000
305,2021-07-18 15:10:46.794,10802,301,8,100,False,0,car,0 days 00:01:13.622000,0 days 02:09:46.784000
306,2021-07-18 15:10:47.033,10770,300,8,100,False,0,car,0 days 00:01:13.861000,0 days 02:09:47.023000
307,2021-07-18 15:10:47.273,10697,300,8,100,False,0,car,0 days 00:01:14.101000,0 days 02:09:47.263000
308,2021-07-18 15:10:47.513,10687,298,8,100,False,0,car,0 days 00:01:14.341000,0 days 02:09:47.503000
309,2021-07-18 15:10:47.753,10670,296,8,100,False,0,car,0 days 00:01:14.581000,0 days 02:09:47.743000
310,2021-07-18 15:10:47.993,10250,294,8,34,True,0,car,0 days 00:01:14.821000,0 days 02:09:47.983000
311,2021-07-18 15:10:48.233,10165,276,8,9,True,0,car,0 days 00:01:15.061000,0 days 02:09:48.223000
312,2021-07-18 15:10:48.473,9318,264,8,0,True,0,car,0 days 00:01:15.301000,0 days 02:09:48.463000
313,2021-07-18 15:10:48.713,9318,251,8,0,True,0,car,0 days 00:01:15.541000,0 days 02:09:48.703000
314,2021-07-18 15:10:48.953,9539,235,7,0,True,0,car,0 days 00:01:15.781000,0 days 02:09:48.943000
315,2021-07-18 15:10:49.193,9180,231,7,0,True,0,car,0 days 00:01:16.021000,0 days 02:09:49.183000
316,2021-07-18 15:10:49.433,8957,218,7,0,True,0,car,0 days 00:01:16.261000,0 days 02:09:49.423000
317,2021-07-18 15:10:49.673,9581,209,7,3,False,0,car,0 days 00:01:16.501000,0 days 02:09:49.663000
318,2021-07-18 15:10:49.913,9581,209,7,3,False,0,car,0 days 00:01:16.741000,0 days 02:09:49.903000
319,2021-07-18 15:10:50.153,9434,198,6,4,False,0,car,0 days 00:01:16.981000,0 days 02:09:50.143000
320,2021-07-18 15:10:50.393,9133,193,6,57,False,0,car,0 days 00:01:17.221000,0 days 02:09:50.383000
321,2021-07-18 15:10:50.633,9265,195,6,75,False,0,car,0 days 00:01:17.461000,0 days 02:09:50.623000
322,2021-07-18 15:10:50.873,9521,198,6,87,False,0,car,0 days 00:01:17.701000,0 days 02:09:50.863000
323,2021-07-18 15:10:51.113,9720,202,6,88,False,0,car,0 days 00:01:17.941000,0 days 02:09:51.103000
324,2021-07-18 15:10:51.353,9950,208,6,92,False,0,car,0 days 00:01:18.181000,0 days 02:09:51.343000
325,2021-07-18 15:10:51.593,10169,212,6,96,False,0,car,0 days 00:01:18.421000,0 days 02:09:51.583000
326,2021-07-18 15:10:51.833,10432,217,6,100,False,0,car,0 days 00:01:18.661000,0 days 02:09:51.823000
327,2021-07-18 15:10:52.073,10713,224,6,100,False,0,car,0 days 00:01:18.901000,0 days 02:09:52.063000
328,2021-07-18 15:10:52.313,10911,229,6,100,False,0,car,0 days 00:01:19.141000,0 days 02:09:52.303000
329,2021-07-18 15:10:52.553,11234,237,6,100,False,0,car,0 days 00:01:19.381000,0 days 02:09:52.543000
330,2021-07-18 15:10:52.793,11457,242,6,100,False,0,car,0 days 00:01:19.621000,0 days 02:09:52.783000
331,2021-07-18 15:10:52.994,11609,246,6,100,False,0,car,0 days 00:01:19.822000,0 days 02:09:52.984000
332,2021-07-18 15:10:53.234,11737,251,6,100,False,0,car,0 days 00:01:20.062000,0 days 02:09:53.224000
333,2021-07-18 15:10:53.474,11925,254,6,100,False,0,car,0 days 00:01:20.302000,0 days 02:09:53.464000
334,2021-07-18 15:10:53.713,10665,255,6,100,False,0,car,0 days 00:01:20.541000,0 days 02:09:53.703000
335,2021-07-18 15:10:53.953,10502,258,7,100,False,0,car,0 days 00:01:20.781000,0 days 02:09:53.943000
336,2021-07-18 15:10:54.193,10582,259,7,100,False,0,car,0 days 00:01:21.021000,0 days 02:09:54.183000
337,2021-07-18 15:10:54.433,10651,262,7,100,False,0,car,0 days 00:01:21.261000,0 days 02:09:54.423000
338,2021-07-18 15:10:54.673,10694,263,7,100,False,0,car,0 days 00:01:21.501000,0 days 02:09:54.663000
339,2021-07-18 15:10:54.913,10728,265,7,100,False,0,car,0 days 00:01:21.741000,0 days 02:09:54.903000
340,2021-07-18 15:10:55.153,10812,265,7,99,False,0,car,0 days 00:01:21.981000,0 days 02:09:55.143000
341,2021-07-18 15:10:55.393,10285,257,7,41,True,0,car,0 days 00:01:22.221000,0 days 02:09:55.383000
342,2021-07-18 15:10:55.633,9622,230,7,0,True,0,car,0 days 00:01:22.461000,0 days 02:09:55.623000
343,2021-07-18 15:10:55.873,8250,205,7,0,True,0,car,0 days 00:01:22.701000,0 days 02:09:55.863000
344,2021-07-18 15:10:56.113,8362,185,7,0,True,0,car,0 days 00:01:22.941000,0 days 02:09:56.103000
345,2021-07-18 15:10:56.353,8690,158,7,0,True,0,car,0 days 00:01:23.181000,0 days 02:09:56.343000
346,2021-07-18 15:10:56.593,9072,146,6,0,True,0,car,0 days 00:01:23.421000,0 days 02:09:56.583000
347,2021-07-18 15:10:56.833,8285,132,4,0,True,0,car,0 days 00:01:23.661000,0 days 02:09:56.823000
348,2021-07-18 15:10:57.073,8740,124,3,0,True,0,car,0 days 00:01:23.901000,0 days 02:09:57.063000
349,2021-07-18 15:10:57.313,7965,117,3,0,True,0,car,0 days 00:01:24.141000,0 days 02:09:57.303000
350,2021-07-18 15:10:57.553,7461,109,3,0,True,0,car,0 days 00:01:24.381000,0 days 02:09:57.543000
351,2021-07-18 15:10:57.793,7094,105,3,0,True,0,car,0 days 00:01:24.621000,0 days 02:09:57.783000
352,2021-07-18 15:10:58.033,6658,97,3,5,False,0,car,0 days 00:01:24.861000,0 days 02:09:58.023000
353,2021-07-18 15:10:58.273,7050,97,3,21,False,0,car,0 days 00:01:25.101000,0 days 02:09:58.263000
354,2021-07-18 15:10:58.513,7183,97,3,37,False,0,car,0 days 00:01:25.341000,0 days 02:09:58.503000
355,2021-07-18 15:10:58.753,7409,102,3,43,False,0,car,0 days 00:01:25.581000,0 days 02:09:58.743000
356,2021-07-18 15:10:58.993,8011,107,3,61,False,0,car,0 days 00:01:25.821000,0 days 02:09:58.983000
357,2021-07-18 15:10:59.233,8571,119,3,69,False,0,car,0 days 00:01:26.061000,0 days 02:09:59.223000
358,2021-07-18 15:10:59.473,7758,124,3,29,False,0,car,0 days 00:01:26.301000,0 days 02:09:59.463000
359,2021-07-18 15:10:59.674,7499,121,4,2,False,0,car,0 days 00:01:26.502000,0 days 02:09:59.664000
360,2021-07-18 15:10:59.914,7466,118,4,9,False,0,car,0 days 00:01:26.742000,0 days 02:09:59.904000
361,2021-07-18 15:11:00.194,7420,117,4,27,False,0,car,0 days 00:01:27.022000,0 days 02:10:00.184000
362,2021-07-18 15:11:00.433,7536,120,4,45,False,0,car,0 days 00:01:27.261000,0 days 02:10:00.423000
363,2021-07-18 15:11:00.673,7997,123,4,51,False,0,car,0 days 00:01:27.501000,0 days 02:10:00.663000
364,2021-07-18 15:11:00.913,8332,126,4,57,False,0,car,0 days 00:01:27.741000,0 days 02:10:00.903000
365,2021-07-18 15:11:01.153,8711,130,4,64,False,0,car,0 days 00:01:27.981000,0 days 02:10:01.143000
366,2021-07-18 15:11:01.393,9037,138,4,68,False,0,car,0 days 00:01:28.221000,0 days 02:10:01.383000
367,2021-07-18 15:11:01.633,9189,147,4,75,False,0,car,0 days 00:01:28.461000,0 days 02:10:01.623000
368,2021-07-18 15:11:01.873,9917,153,4,81,False,0,car,0 days 00:01:28.701000,0 days 02:10:01.863000
369,2021-07-18 15:11:02.113,10251,160,4,84,False,0,car,0 days 00:01:28.941000,0 days 02:10:02.103000
370,2021-07-18 15:11:02.353,10782,171,4,88,False,0,car,0 days 00:01:29.181000,0 days 02:10:02.343000
371,2021-07-18 15:11:02.593,11143,177,4,93,False,0,car,0 days 00:01:29.421000,0 days 02:10:02.583000
372,2021-07-18 15:11:02.833,11832,188,4,94,False,0,car,0 days 00:01:29.661000,0 days 02:10:02.823000
373,2021-07-18 15:11:03.073,11957,195,4,100,False,0,car,0 days 00:01:29.901000,0 days 02:10:03.063000
374,2021-07-18 15:11:03.313,11216,201,5,100,False,0,car,0 days 00:01:30.141000,0 days 02:10:03.303000
375,2021-07-18 15:11:03.593,11593,210,5,100,False,0,car,0 days 00:01:30.421000,0 days 02:10:03.583000
376,2021-07-18 15:11:03.833,11793,218,5,100,False,0,car,0 days 00:01:30.661000,0 days 02:10:03.823000
377,2021-07-18 15:11:04.073,12304,221,5,100,False,0,car,0 days 00:01:30.901000,0 days 02:10:04.063000
378,2021-07-18 15:11:04.313,11744,227,5,100,False,0,car,0 days 00:01:31.141000,0 days 02:10:04.303000
379,2021-07-18 15:11:04.553,11113,233,6,100,False,0,car,0 days 00:01:31.381000,0 days 02:10:04.543000
380,2021-07-18 15:11:04.793,11280,235,6,100,False,0,car,0 days 00:01:31.621000,0 days 02:10:04.783000
381,2021-07-18 15:11:05.033,11443,244,6,100,False,0,car,0 days 00:01:31.861000,0 days 02:10:05.023000
382,2021-07-18 15:11:05.273,11698,248,6,100,False,0,car,0 days 00:01:32.101000,0 days 02:10:05.263000
383,2021-07-18 15:11:05.513,11892,252,6,100,False,0,car,0 days 00:01:32.341000,0 days 02:10:05.503000
384,2021-07-18 15:11:05.753,11860,258,6,100,False,0,car,0 days 00:01:32.581000,0 days 02:10:05.743000
